{
    "enable_caching": true,
    "threshold": 0.3,
    "negtive_cache": false,
    "coefficients": [4.98651651e+02, -2.83781631e+02,  5.58554382e+01, -3.82021401e+00, 2.64230861e-01]
}